--
-- PostgreSQL database dump
--

-- Dumped from database version 14.9 (Ubuntu 14.9-0ubuntu0.22.04.1)
-- Dumped by pg_dump version 14.9 (Ubuntu 14.9-0ubuntu0.22.04.1)

SET statement_timeout = 0;
SET lock_timeout = 0;
SET idle_in_transaction_session_timeout = 0;
SET client_encoding = 'UTF8';
SET standard_conforming_strings = on;
SELECT pg_catalog.set_config('search_path', '', false);
SET check_function_bodies = false;
SET xmloption = content;
SET client_min_messages = warning;
SET row_security = off;

SET default_tablespace = '';

SET default_table_access_method = heap;

--
-- Name: auth_group; Type: TABLE; Schema: public; Owner: zsz13
--

CREATE TABLE public.auth_group (
    id integer NOT NULL,
    name character varying(150) NOT NULL
);


ALTER TABLE public.auth_group OWNER TO zsz13;

--
-- Name: auth_group_id_seq; Type: SEQUENCE; Schema: public; Owner: zsz13
--

ALTER TABLE public.auth_group ALTER COLUMN id ADD GENERATED BY DEFAULT AS IDENTITY (
    SEQUENCE NAME public.auth_group_id_seq
    START WITH 1
    INCREMENT BY 1
    NO MINVALUE
    NO MAXVALUE
    CACHE 1
);


--
-- Name: auth_group_permissions; Type: TABLE; Schema: public; Owner: zsz13
--

CREATE TABLE public.auth_group_permissions (
    id bigint NOT NULL,
    group_id integer NOT NULL,
    permission_id integer NOT NULL
);


ALTER TABLE public.auth_group_permissions OWNER TO zsz13;

--
-- Name: auth_group_permissions_id_seq; Type: SEQUENCE; Schema: public; Owner: zsz13
--

ALTER TABLE public.auth_group_permissions ALTER COLUMN id ADD GENERATED BY DEFAULT AS IDENTITY (
    SEQUENCE NAME public.auth_group_permissions_id_seq
    START WITH 1
    INCREMENT BY 1
    NO MINVALUE
    NO MAXVALUE
    CACHE 1
);


--
-- Name: auth_permission; Type: TABLE; Schema: public; Owner: zsz13
--

CREATE TABLE public.auth_permission (
    id integer NOT NULL,
    name character varying(255) NOT NULL,
    content_type_id integer NOT NULL,
    codename character varying(100) NOT NULL
);


ALTER TABLE public.auth_permission OWNER TO zsz13;

--
-- Name: auth_permission_id_seq; Type: SEQUENCE; Schema: public; Owner: zsz13
--

ALTER TABLE public.auth_permission ALTER COLUMN id ADD GENERATED BY DEFAULT AS IDENTITY (
    SEQUENCE NAME public.auth_permission_id_seq
    START WITH 1
    INCREMENT BY 1
    NO MINVALUE
    NO MAXVALUE
    CACHE 1
);


--
-- Name: auth_user; Type: TABLE; Schema: public; Owner: zsz13
--

CREATE TABLE public.auth_user (
    id integer NOT NULL,
    password character varying(128) NOT NULL,
    last_login timestamp with time zone,
    is_superuser boolean NOT NULL,
    username character varying(150) NOT NULL,
    first_name character varying(150) NOT NULL,
    last_name character varying(150) NOT NULL,
    email character varying(254) NOT NULL,
    is_staff boolean NOT NULL,
    is_active boolean NOT NULL,
    date_joined timestamp with time zone NOT NULL
);


ALTER TABLE public.auth_user OWNER TO zsz13;

--
-- Name: auth_user_groups; Type: TABLE; Schema: public; Owner: zsz13
--

CREATE TABLE public.auth_user_groups (
    id bigint NOT NULL,
    user_id integer NOT NULL,
    group_id integer NOT NULL
);


ALTER TABLE public.auth_user_groups OWNER TO zsz13;

--
-- Name: auth_user_groups_id_seq; Type: SEQUENCE; Schema: public; Owner: zsz13
--

ALTER TABLE public.auth_user_groups ALTER COLUMN id ADD GENERATED BY DEFAULT AS IDENTITY (
    SEQUENCE NAME public.auth_user_groups_id_seq
    START WITH 1
    INCREMENT BY 1
    NO MINVALUE
    NO MAXVALUE
    CACHE 1
);


--
-- Name: auth_user_id_seq; Type: SEQUENCE; Schema: public; Owner: zsz13
--

ALTER TABLE public.auth_user ALTER COLUMN id ADD GENERATED BY DEFAULT AS IDENTITY (
    SEQUENCE NAME public.auth_user_id_seq
    START WITH 1
    INCREMENT BY 1
    NO MINVALUE
    NO MAXVALUE
    CACHE 1
);


--
-- Name: auth_user_user_permissions; Type: TABLE; Schema: public; Owner: zsz13
--

CREATE TABLE public.auth_user_user_permissions (
    id bigint NOT NULL,
    user_id integer NOT NULL,
    permission_id integer NOT NULL
);


ALTER TABLE public.auth_user_user_permissions OWNER TO zsz13;

--
-- Name: auth_user_user_permissions_id_seq; Type: SEQUENCE; Schema: public; Owner: zsz13
--

ALTER TABLE public.auth_user_user_permissions ALTER COLUMN id ADD GENERATED BY DEFAULT AS IDENTITY (
    SEQUENCE NAME public.auth_user_user_permissions_id_seq
    START WITH 1
    INCREMENT BY 1
    NO MINVALUE
    NO MAXVALUE
    CACHE 1
);


--
-- Name: authtoken_token; Type: TABLE; Schema: public; Owner: zsz13
--

CREATE TABLE public.authtoken_token (
    key character varying(40) NOT NULL,
    created timestamp with time zone NOT NULL,
    user_id integer NOT NULL
);


ALTER TABLE public.authtoken_token OWNER TO zsz13;

--
-- Name: django_admin_log; Type: TABLE; Schema: public; Owner: zsz13
--

CREATE TABLE public.django_admin_log (
    id integer NOT NULL,
    action_time timestamp with time zone NOT NULL,
    object_id text,
    object_repr character varying(200) NOT NULL,
    action_flag smallint NOT NULL,
    change_message text NOT NULL,
    content_type_id integer,
    user_id integer NOT NULL,
    CONSTRAINT django_admin_log_action_flag_check CHECK ((action_flag >= 0))
);


ALTER TABLE public.django_admin_log OWNER TO zsz13;

--
-- Name: django_admin_log_id_seq; Type: SEQUENCE; Schema: public; Owner: zsz13
--

ALTER TABLE public.django_admin_log ALTER COLUMN id ADD GENERATED BY DEFAULT AS IDENTITY (
    SEQUENCE NAME public.django_admin_log_id_seq
    START WITH 1
    INCREMENT BY 1
    NO MINVALUE
    NO MAXVALUE
    CACHE 1
);


--
-- Name: django_content_type; Type: TABLE; Schema: public; Owner: zsz13
--

CREATE TABLE public.django_content_type (
    id integer NOT NULL,
    app_label character varying(100) NOT NULL,
    model character varying(100) NOT NULL
);


ALTER TABLE public.django_content_type OWNER TO zsz13;

--
-- Name: django_content_type_id_seq; Type: SEQUENCE; Schema: public; Owner: zsz13
--

ALTER TABLE public.django_content_type ALTER COLUMN id ADD GENERATED BY DEFAULT AS IDENTITY (
    SEQUENCE NAME public.django_content_type_id_seq
    START WITH 1
    INCREMENT BY 1
    NO MINVALUE
    NO MAXVALUE
    CACHE 1
);


--
-- Name: django_migrations; Type: TABLE; Schema: public; Owner: zsz13
--

CREATE TABLE public.django_migrations (
    id bigint NOT NULL,
    app character varying(255) NOT NULL,
    name character varying(255) NOT NULL,
    applied timestamp with time zone NOT NULL
);


ALTER TABLE public.django_migrations OWNER TO zsz13;

--
-- Name: django_migrations_id_seq; Type: SEQUENCE; Schema: public; Owner: zsz13
--

ALTER TABLE public.django_migrations ALTER COLUMN id ADD GENERATED BY DEFAULT AS IDENTITY (
    SEQUENCE NAME public.django_migrations_id_seq
    START WITH 1
    INCREMENT BY 1
    NO MINVALUE
    NO MAXVALUE
    CACHE 1
);


--
-- Name: django_session; Type: TABLE; Schema: public; Owner: zsz13
--

CREATE TABLE public.django_session (
    session_key character varying(40) NOT NULL,
    session_data text NOT NULL,
    expire_date timestamp with time zone NOT NULL
);


ALTER TABLE public.django_session OWNER TO zsz13;

--
-- Name: inventory_category; Type: TABLE; Schema: public; Owner: zsz13
--

CREATE TABLE public.inventory_category (
    id bigint NOT NULL,
    name character varying(100) NOT NULL
);


ALTER TABLE public.inventory_category OWNER TO zsz13;

--
-- Name: inventory_category_id_seq; Type: SEQUENCE; Schema: public; Owner: zsz13
--

ALTER TABLE public.inventory_category ALTER COLUMN id ADD GENERATED BY DEFAULT AS IDENTITY (
    SEQUENCE NAME public.inventory_category_id_seq
    START WITH 1
    INCREMENT BY 1
    NO MINVALUE
    NO MAXVALUE
    CACHE 1
);


--
-- Name: inventory_inventoryitem; Type: TABLE; Schema: public; Owner: zsz13
--

CREATE TABLE public.inventory_inventoryitem (
    id bigint NOT NULL,
    name character varying(255) NOT NULL,
    description text NOT NULL,
    quantity integer NOT NULL,
    price numeric(10,2),
    time_create timestamp with time zone NOT NULL,
    time_update timestamp with time zone NOT NULL,
    is_available boolean NOT NULL,
    current_location character varying(255),
    expected_location character varying(255),
    category_id bigint,
    user_id integer NOT NULL,
    CONSTRAINT inventory_inventoryitem_quantity_check CHECK ((quantity >= 0))
);


ALTER TABLE public.inventory_inventoryitem OWNER TO zsz13;

--
-- Name: inventory_inventoryitem_id_seq; Type: SEQUENCE; Schema: public; Owner: zsz13
--

ALTER TABLE public.inventory_inventoryitem ALTER COLUMN id ADD GENERATED BY DEFAULT AS IDENTITY (
    SEQUENCE NAME public.inventory_inventoryitem_id_seq
    START WITH 1
    INCREMENT BY 1
    NO MINVALUE
    NO MAXVALUE
    CACHE 1
);


--
-- Data for Name: auth_group; Type: TABLE DATA; Schema: public; Owner: zsz13
--

COPY public.auth_group (id, name) FROM stdin;
\.


--
-- Data for Name: auth_group_permissions; Type: TABLE DATA; Schema: public; Owner: zsz13
--

COPY public.auth_group_permissions (id, group_id, permission_id) FROM stdin;
\.


--
-- Data for Name: auth_permission; Type: TABLE DATA; Schema: public; Owner: zsz13
--

COPY public.auth_permission (id, name, content_type_id, codename) FROM stdin;
1	Can add log entry	1	add_logentry
2	Can change log entry	1	change_logentry
3	Can delete log entry	1	delete_logentry
4	Can view log entry	1	view_logentry
5	Can add permission	2	add_permission
6	Can change permission	2	change_permission
7	Can delete permission	2	delete_permission
8	Can view permission	2	view_permission
9	Can add group	3	add_group
10	Can change group	3	change_group
11	Can delete group	3	delete_group
12	Can view group	3	view_group
13	Can add user	4	add_user
14	Can change user	4	change_user
15	Can delete user	4	delete_user
16	Can view user	4	view_user
17	Can add content type	5	add_contenttype
18	Can change content type	5	change_contenttype
19	Can delete content type	5	delete_contenttype
20	Can view content type	5	view_contenttype
21	Can add session	6	add_session
22	Can change session	6	change_session
23	Can delete session	6	delete_session
24	Can view session	6	view_session
25	Can add category	7	add_category
26	Can change category	7	change_category
27	Can delete category	7	delete_category
28	Can view category	7	view_category
29	Can add inventory item	8	add_inventoryitem
30	Can change inventory item	8	change_inventoryitem
31	Can delete inventory item	8	delete_inventoryitem
32	Can view inventory item	8	view_inventoryitem
33	Can add Token	9	add_token
34	Can change Token	9	change_token
35	Can delete Token	9	delete_token
36	Can view Token	9	view_token
37	Can add token	10	add_tokenproxy
38	Can change token	10	change_tokenproxy
39	Can delete token	10	delete_tokenproxy
40	Can view token	10	view_tokenproxy
\.


--
-- Data for Name: auth_user; Type: TABLE DATA; Schema: public; Owner: zsz13
--

COPY public.auth_user (id, password, last_login, is_superuser, username, first_name, last_name, email, is_staff, is_active, date_joined) FROM stdin;
2	pbkdf2_sha256$600000$eiszsbIt3NnYxnmA8QaNbI$qSrCrzSpn7qMcLRfEw1cuZRqCzDIuxxSozAA6fCUl98=	2023-11-23 01:59:22.417032-06	f	utest			unittest@gmail.com	f	t	2023-11-22 21:19:09.202719-06
1	pbkdf2_sha256$600000$cXBE7IyTFdi0iOICRb4q8T$qfO6p6T9uLkj3kcPYWtXmiXGjQb0yCPPr3IzpTY9fJg=	2023-11-23 03:00:25.508255-06	t	root			root@gmail.com	t	t	2023-11-20 10:15:39.902172-06
\.


--
-- Data for Name: auth_user_groups; Type: TABLE DATA; Schema: public; Owner: zsz13
--

COPY public.auth_user_groups (id, user_id, group_id) FROM stdin;
\.


--
-- Data for Name: auth_user_user_permissions; Type: TABLE DATA; Schema: public; Owner: zsz13
--

COPY public.auth_user_user_permissions (id, user_id, permission_id) FROM stdin;
\.


--
-- Data for Name: authtoken_token; Type: TABLE DATA; Schema: public; Owner: zsz13
--

COPY public.authtoken_token (key, created, user_id) FROM stdin;
\.


--
-- Data for Name: django_admin_log; Type: TABLE DATA; Schema: public; Owner: zsz13
--

COPY public.django_admin_log (id, action_time, object_id, object_repr, action_flag, change_message, content_type_id, user_id) FROM stdin;
\.


--
-- Data for Name: django_content_type; Type: TABLE DATA; Schema: public; Owner: zsz13
--

COPY public.django_content_type (id, app_label, model) FROM stdin;
1	admin	logentry
2	auth	permission
3	auth	group
4	auth	user
5	contenttypes	contenttype
6	sessions	session
7	inventory	category
8	inventory	inventoryitem
9	authtoken	token
10	authtoken	tokenproxy
\.


--
-- Data for Name: django_migrations; Type: TABLE DATA; Schema: public; Owner: zsz13
--

COPY public.django_migrations (id, app, name, applied) FROM stdin;
1	contenttypes	0001_initial	2023-11-20 09:15:47.882255-06
2	auth	0001_initial	2023-11-20 09:15:48.160724-06
3	admin	0001_initial	2023-11-20 09:15:48.226556-06
4	admin	0002_logentry_remove_auto_add	2023-11-20 09:15:48.253167-06
5	admin	0003_logentry_add_action_flag_choices	2023-11-20 09:15:48.262838-06
6	contenttypes	0002_remove_content_type_name	2023-11-20 09:15:48.279361-06
7	auth	0002_alter_permission_name_max_length	2023-11-20 09:15:48.290202-06
8	auth	0003_alter_user_email_max_length	2023-11-20 09:15:48.317638-06
9	auth	0004_alter_user_username_opts	2023-11-20 09:15:48.377617-06
10	auth	0005_alter_user_last_login_null	2023-11-20 09:15:48.443605-06
11	auth	0006_require_contenttypes_0002	2023-11-20 09:15:48.481874-06
12	auth	0007_alter_validators_add_error_messages	2023-11-20 09:15:48.515186-06
13	auth	0008_alter_user_username_max_length	2023-11-20 09:15:48.537344-06
14	auth	0009_alter_user_last_name_max_length	2023-11-20 09:15:48.546756-06
15	auth	0010_alter_group_name_max_length	2023-11-20 09:15:48.583472-06
16	auth	0011_update_proxy_permissions	2023-11-20 09:15:48.609316-06
17	auth	0012_alter_user_first_name_max_length	2023-11-20 09:15:48.673426-06
18	authtoken	0001_initial	2023-11-20 09:15:48.737863-06
19	authtoken	0002_auto_20160226_1747	2023-11-20 09:15:48.770573-06
20	authtoken	0003_tokenproxy	2023-11-20 09:15:48.776932-06
21	inventory	0001_initial	2023-11-20 09:15:48.922259-06
22	inventory	0002_alter_inventoryitem_price	2023-11-20 09:15:48.930458-06
23	inventory	0003_inventoryitem_user	2023-11-20 09:15:48.973301-06
24	sessions	0001_initial	2023-11-20 09:15:49.040903-06
\.


--
-- Data for Name: django_session; Type: TABLE DATA; Schema: public; Owner: zsz13
--

COPY public.django_session (session_key, session_data, expire_date) FROM stdin;
vleq9qsyt340vlb96s67t92yw584kv8d	.eJxVjDsOwjAQBe_iGlle_Kek5wyWvbvCAWRLcVIh7g5BKaCdmfeeIuV1qWkdPKeJxEmAOPyykvHObRN0y-3aJfa2zFORWyJ3O-SlEz_Oe_t3UPOonzVy9MoWm12wURGgKZANmELHAKgsObaaEZT32kVEsPwloGMwQE683tVJNz0:1r56xA:-YZyS4ZUJ2j4s8MqhTZk3rDHhHWwvonfbQUZHSOHqqs	2023-12-04 10:16:52.062268-06
n78jq99cc0sqqzb1gtokmjf0t7wc7bsr	.eJxVjDsOwjAQBe_iGlle_Kek5wyWvbvCAWRLcVIh7g5BKaCdmfeeIuV1qWkdPKeJxEmAOPyykvHObRN0y-3aJfa2zFORWyJ3O-SlEz_Oe_t3UPOonzVy9MoWm12wURGgKZANmELHAKgsObaaEZT32kVEsPwloGMwQE683tVJNz0:1r65ZR:RXwzmzCHpTHQXQudZ343GXHfdSNRd_WBdi_6TAVR6SU	2023-12-07 03:00:25.554136-06
\.


--
-- Data for Name: inventory_category; Type: TABLE DATA; Schema: public; Owner: zsz13
--

COPY public.inventory_category (id, name) FROM stdin;
1	Electronic
2	Furniture
3	Other
\.


--
-- Data for Name: inventory_inventoryitem; Type: TABLE DATA; Schema: public; Owner: zsz13
--

COPY public.inventory_inventoryitem (id, name, description, quantity, price, time_create, time_update, is_available, current_location, expected_location, category_id, user_id) FROM stdin;
1	macbook pro 17 retina	в хорошем состоянии	1	700000.00	2023-11-22 08:05:54.703129-06	2023-11-22 08:05:54.703143-06	t	Аль-Фараби 34	Толеби 100	1	1
2	macbook pro 15	треснут дисплей	1	300000.00	2023-11-22 08:06:34.157459-06	2023-11-22 08:06:34.157471-06	t	Аль-Фараби 34	Казыбек би 303	1	1
3	Стол ручной работы	мраморный коричневого цвета	1	500000.00	2023-11-22 08:07:55.902281-06	2023-11-22 08:07:55.902298-06	t	Аль-Фараби 34	Богенбай батыра 54	2	1
4	стул офисный Zeta с регулировками RT892	новый	50	4000000.00	2023-11-22 08:09:38.107288-06	2023-11-22 08:09:38.107319-06	t	Аль-Фараби 34	Абая 200	2	1
5	архив договоров ИП	за 2022 год второе полугодие	1	\N	2023-11-22 08:11:13.69398-06	2023-11-22 08:11:13.693993-06	t	Аль-Фараби 34	Абая 200	3	1
6	архив сотрудников	за 2022 год первое полугодие	1	\N	2023-11-22 08:12:06.144926-06	2023-11-22 08:12:06.144939-06	t	Аль-Фараби 34	Фурманова 98	3	1
7	dlya unit testa	unit test	13	100.00	2023-11-22 21:10:26.064122-06	2023-11-22 21:10:26.064155-06	t	sjgfsejgisjgsgg	wpwwpkwpwtwptkwtp	3	1
\.


--
-- Name: auth_group_id_seq; Type: SEQUENCE SET; Schema: public; Owner: zsz13
--

SELECT pg_catalog.setval('public.auth_group_id_seq', 1, false);


--
-- Name: auth_group_permissions_id_seq; Type: SEQUENCE SET; Schema: public; Owner: zsz13
--

SELECT pg_catalog.setval('public.auth_group_permissions_id_seq', 1, false);


--
-- Name: auth_permission_id_seq; Type: SEQUENCE SET; Schema: public; Owner: zsz13
--

SELECT pg_catalog.setval('public.auth_permission_id_seq', 40, true);


--
-- Name: auth_user_groups_id_seq; Type: SEQUENCE SET; Schema: public; Owner: zsz13
--

SELECT pg_catalog.setval('public.auth_user_groups_id_seq', 1, false);


--
-- Name: auth_user_id_seq; Type: SEQUENCE SET; Schema: public; Owner: zsz13
--

SELECT pg_catalog.setval('public.auth_user_id_seq', 2, true);


--
-- Name: auth_user_user_permissions_id_seq; Type: SEQUENCE SET; Schema: public; Owner: zsz13
--

SELECT pg_catalog.setval('public.auth_user_user_permissions_id_seq', 1, false);


--
-- Name: django_admin_log_id_seq; Type: SEQUENCE SET; Schema: public; Owner: zsz13
--

SELECT pg_catalog.setval('public.django_admin_log_id_seq', 1, false);


--
-- Name: django_content_type_id_seq; Type: SEQUENCE SET; Schema: public; Owner: zsz13
--

SELECT pg_catalog.setval('public.django_content_type_id_seq', 10, true);


--
-- Name: django_migrations_id_seq; Type: SEQUENCE SET; Schema: public; Owner: zsz13
--

SELECT pg_catalog.setval('public.django_migrations_id_seq', 24, true);


--
-- Name: inventory_category_id_seq; Type: SEQUENCE SET; Schema: public; Owner: zsz13
--

SELECT pg_catalog.setval('public.inventory_category_id_seq', 3, true);


--
-- Name: inventory_inventoryitem_id_seq; Type: SEQUENCE SET; Schema: public; Owner: zsz13
--

SELECT pg_catalog.setval('public.inventory_inventoryitem_id_seq', 7, true);


--
-- Name: auth_group auth_group_name_key; Type: CONSTRAINT; Schema: public; Owner: zsz13
--

ALTER TABLE ONLY public.auth_group
    ADD CONSTRAINT auth_group_name_key UNIQUE (name);


--
-- Name: auth_group_permissions auth_group_permissions_group_id_permission_id_0cd325b0_uniq; Type: CONSTRAINT; Schema: public; Owner: zsz13
--

ALTER TABLE ONLY public.auth_group_permissions
    ADD CONSTRAINT auth_group_permissions_group_id_permission_id_0cd325b0_uniq UNIQUE (group_id, permission_id);


--
-- Name: auth_group_permissions auth_group_permissions_pkey; Type: CONSTRAINT; Schema: public; Owner: zsz13
--

ALTER TABLE ONLY public.auth_group_permissions
    ADD CONSTRAINT auth_group_permissions_pkey PRIMARY KEY (id);


--
-- Name: auth_group auth_group_pkey; Type: CONSTRAINT; Schema: public; Owner: zsz13
--

ALTER TABLE ONLY public.auth_group
    ADD CONSTRAINT auth_group_pkey PRIMARY KEY (id);


--
-- Name: auth_permission auth_permission_content_type_id_codename_01ab375a_uniq; Type: CONSTRAINT; Schema: public; Owner: zsz13
--

ALTER TABLE ONLY public.auth_permission
    ADD CONSTRAINT auth_permission_content_type_id_codename_01ab375a_uniq UNIQUE (content_type_id, codename);


--
-- Name: auth_permission auth_permission_pkey; Type: CONSTRAINT; Schema: public; Owner: zsz13
--

ALTER TABLE ONLY public.auth_permission
    ADD CONSTRAINT auth_permission_pkey PRIMARY KEY (id);


--
-- Name: auth_user_groups auth_user_groups_pkey; Type: CONSTRAINT; Schema: public; Owner: zsz13
--

ALTER TABLE ONLY public.auth_user_groups
    ADD CONSTRAINT auth_user_groups_pkey PRIMARY KEY (id);


--
-- Name: auth_user_groups auth_user_groups_user_id_group_id_94350c0c_uniq; Type: CONSTRAINT; Schema: public; Owner: zsz13
--

ALTER TABLE ONLY public.auth_user_groups
    ADD CONSTRAINT auth_user_groups_user_id_group_id_94350c0c_uniq UNIQUE (user_id, group_id);


--
-- Name: auth_user auth_user_pkey; Type: CONSTRAINT; Schema: public; Owner: zsz13
--

ALTER TABLE ONLY public.auth_user
    ADD CONSTRAINT auth_user_pkey PRIMARY KEY (id);


--
-- Name: auth_user_user_permissions auth_user_user_permissions_pkey; Type: CONSTRAINT; Schema: public; Owner: zsz13
--

ALTER TABLE ONLY public.auth_user_user_permissions
    ADD CONSTRAINT auth_user_user_permissions_pkey PRIMARY KEY (id);


--
-- Name: auth_user_user_permissions auth_user_user_permissions_user_id_permission_id_14a6b632_uniq; Type: CONSTRAINT; Schema: public; Owner: zsz13
--

ALTER TABLE ONLY public.auth_user_user_permissions
    ADD CONSTRAINT auth_user_user_permissions_user_id_permission_id_14a6b632_uniq UNIQUE (user_id, permission_id);


--
-- Name: auth_user auth_user_username_key; Type: CONSTRAINT; Schema: public; Owner: zsz13
--

ALTER TABLE ONLY public.auth_user
    ADD CONSTRAINT auth_user_username_key UNIQUE (username);


--
-- Name: authtoken_token authtoken_token_pkey; Type: CONSTRAINT; Schema: public; Owner: zsz13
--

ALTER TABLE ONLY public.authtoken_token
    ADD CONSTRAINT authtoken_token_pkey PRIMARY KEY (key);


--
-- Name: authtoken_token authtoken_token_user_id_key; Type: CONSTRAINT; Schema: public; Owner: zsz13
--

ALTER TABLE ONLY public.authtoken_token
    ADD CONSTRAINT authtoken_token_user_id_key UNIQUE (user_id);


--
-- Name: django_admin_log django_admin_log_pkey; Type: CONSTRAINT; Schema: public; Owner: zsz13
--

ALTER TABLE ONLY public.django_admin_log
    ADD CONSTRAINT django_admin_log_pkey PRIMARY KEY (id);


--
-- Name: django_content_type django_content_type_app_label_model_76bd3d3b_uniq; Type: CONSTRAINT; Schema: public; Owner: zsz13
--

ALTER TABLE ONLY public.django_content_type
    ADD CONSTRAINT django_content_type_app_label_model_76bd3d3b_uniq UNIQUE (app_label, model);


--
-- Name: django_content_type django_content_type_pkey; Type: CONSTRAINT; Schema: public; Owner: zsz13
--

ALTER TABLE ONLY public.django_content_type
    ADD CONSTRAINT django_content_type_pkey PRIMARY KEY (id);


--
-- Name: django_migrations django_migrations_pkey; Type: CONSTRAINT; Schema: public; Owner: zsz13
--

ALTER TABLE ONLY public.django_migrations
    ADD CONSTRAINT django_migrations_pkey PRIMARY KEY (id);


--
-- Name: django_session django_session_pkey; Type: CONSTRAINT; Schema: public; Owner: zsz13
--

ALTER TABLE ONLY public.django_session
    ADD CONSTRAINT django_session_pkey PRIMARY KEY (session_key);


--
-- Name: inventory_category inventory_category_pkey; Type: CONSTRAINT; Schema: public; Owner: zsz13
--

ALTER TABLE ONLY public.inventory_category
    ADD CONSTRAINT inventory_category_pkey PRIMARY KEY (id);


--
-- Name: inventory_inventoryitem inventory_inventoryitem_pkey; Type: CONSTRAINT; Schema: public; Owner: zsz13
--

ALTER TABLE ONLY public.inventory_inventoryitem
    ADD CONSTRAINT inventory_inventoryitem_pkey PRIMARY KEY (id);


--
-- Name: auth_group_name_a6ea08ec_like; Type: INDEX; Schema: public; Owner: zsz13
--

CREATE INDEX auth_group_name_a6ea08ec_like ON public.auth_group USING btree (name varchar_pattern_ops);


--
-- Name: auth_group_permissions_group_id_b120cbf9; Type: INDEX; Schema: public; Owner: zsz13
--

CREATE INDEX auth_group_permissions_group_id_b120cbf9 ON public.auth_group_permissions USING btree (group_id);


--
-- Name: auth_group_permissions_permission_id_84c5c92e; Type: INDEX; Schema: public; Owner: zsz13
--

CREATE INDEX auth_group_permissions_permission_id_84c5c92e ON public.auth_group_permissions USING btree (permission_id);


--
-- Name: auth_permission_content_type_id_2f476e4b; Type: INDEX; Schema: public; Owner: zsz13
--

CREATE INDEX auth_permission_content_type_id_2f476e4b ON public.auth_permission USING btree (content_type_id);


--
-- Name: auth_user_groups_group_id_97559544; Type: INDEX; Schema: public; Owner: zsz13
--

CREATE INDEX auth_user_groups_group_id_97559544 ON public.auth_user_groups USING btree (group_id);


--
-- Name: auth_user_groups_user_id_6a12ed8b; Type: INDEX; Schema: public; Owner: zsz13
--

CREATE INDEX auth_user_groups_user_id_6a12ed8b ON public.auth_user_groups USING btree (user_id);


--
-- Name: auth_user_user_permissions_permission_id_1fbb5f2c; Type: INDEX; Schema: public; Owner: zsz13
--

CREATE INDEX auth_user_user_permissions_permission_id_1fbb5f2c ON public.auth_user_user_permissions USING btree (permission_id);


--
-- Name: auth_user_user_permissions_user_id_a95ead1b; Type: INDEX; Schema: public; Owner: zsz13
--

CREATE INDEX auth_user_user_permissions_user_id_a95ead1b ON public.auth_user_user_permissions USING btree (user_id);


--
-- Name: auth_user_username_6821ab7c_like; Type: INDEX; Schema: public; Owner: zsz13
--

CREATE INDEX auth_user_username_6821ab7c_like ON public.auth_user USING btree (username varchar_pattern_ops);


--
-- Name: authtoken_token_key_10f0b77e_like; Type: INDEX; Schema: public; Owner: zsz13
--

CREATE INDEX authtoken_token_key_10f0b77e_like ON public.authtoken_token USING btree (key varchar_pattern_ops);


--
-- Name: django_admin_log_content_type_id_c4bce8eb; Type: INDEX; Schema: public; Owner: zsz13
--

CREATE INDEX django_admin_log_content_type_id_c4bce8eb ON public.django_admin_log USING btree (content_type_id);


--
-- Name: django_admin_log_user_id_c564eba6; Type: INDEX; Schema: public; Owner: zsz13
--

CREATE INDEX django_admin_log_user_id_c564eba6 ON public.django_admin_log USING btree (user_id);


--
-- Name: django_session_expire_date_a5c62663; Type: INDEX; Schema: public; Owner: zsz13
--

CREATE INDEX django_session_expire_date_a5c62663 ON public.django_session USING btree (expire_date);


--
-- Name: django_session_session_key_c0390e0f_like; Type: INDEX; Schema: public; Owner: zsz13
--

CREATE INDEX django_session_session_key_c0390e0f_like ON public.django_session USING btree (session_key varchar_pattern_ops);


--
-- Name: inventory_category_name_c89a8bc0; Type: INDEX; Schema: public; Owner: zsz13
--

CREATE INDEX inventory_category_name_c89a8bc0 ON public.inventory_category USING btree (name);


--
-- Name: inventory_category_name_c89a8bc0_like; Type: INDEX; Schema: public; Owner: zsz13
--

CREATE INDEX inventory_category_name_c89a8bc0_like ON public.inventory_category USING btree (name varchar_pattern_ops);


--
-- Name: inventory_inventoryitem_category_id_06acb4f3; Type: INDEX; Schema: public; Owner: zsz13
--

CREATE INDEX inventory_inventoryitem_category_id_06acb4f3 ON public.inventory_inventoryitem USING btree (category_id);


--
-- Name: inventory_inventoryitem_user_id_958ba773; Type: INDEX; Schema: public; Owner: zsz13
--

CREATE INDEX inventory_inventoryitem_user_id_958ba773 ON public.inventory_inventoryitem USING btree (user_id);


--
-- Name: auth_group_permissions auth_group_permissio_permission_id_84c5c92e_fk_auth_perm; Type: FK CONSTRAINT; Schema: public; Owner: zsz13
--

ALTER TABLE ONLY public.auth_group_permissions
    ADD CONSTRAINT auth_group_permissio_permission_id_84c5c92e_fk_auth_perm FOREIGN KEY (permission_id) REFERENCES public.auth_permission(id) DEFERRABLE INITIALLY DEFERRED;


--
-- Name: auth_group_permissions auth_group_permissions_group_id_b120cbf9_fk_auth_group_id; Type: FK CONSTRAINT; Schema: public; Owner: zsz13
--

ALTER TABLE ONLY public.auth_group_permissions
    ADD CONSTRAINT auth_group_permissions_group_id_b120cbf9_fk_auth_group_id FOREIGN KEY (group_id) REFERENCES public.auth_group(id) DEFERRABLE INITIALLY DEFERRED;


--
-- Name: auth_permission auth_permission_content_type_id_2f476e4b_fk_django_co; Type: FK CONSTRAINT; Schema: public; Owner: zsz13
--

ALTER TABLE ONLY public.auth_permission
    ADD CONSTRAINT auth_permission_content_type_id_2f476e4b_fk_django_co FOREIGN KEY (content_type_id) REFERENCES public.django_content_type(id) DEFERRABLE INITIALLY DEFERRED;


--
-- Name: auth_user_groups auth_user_groups_group_id_97559544_fk_auth_group_id; Type: FK CONSTRAINT; Schema: public; Owner: zsz13
--

ALTER TABLE ONLY public.auth_user_groups
    ADD CONSTRAINT auth_user_groups_group_id_97559544_fk_auth_group_id FOREIGN KEY (group_id) REFERENCES public.auth_group(id) DEFERRABLE INITIALLY DEFERRED;


--
-- Name: auth_user_groups auth_user_groups_user_id_6a12ed8b_fk_auth_user_id; Type: FK CONSTRAINT; Schema: public; Owner: zsz13
--

ALTER TABLE ONLY public.auth_user_groups
    ADD CONSTRAINT auth_user_groups_user_id_6a12ed8b_fk_auth_user_id FOREIGN KEY (user_id) REFERENCES public.auth_user(id) DEFERRABLE INITIALLY DEFERRED;


--
-- Name: auth_user_user_permissions auth_user_user_permi_permission_id_1fbb5f2c_fk_auth_perm; Type: FK CONSTRAINT; Schema: public; Owner: zsz13
--

ALTER TABLE ONLY public.auth_user_user_permissions
    ADD CONSTRAINT auth_user_user_permi_permission_id_1fbb5f2c_fk_auth_perm FOREIGN KEY (permission_id) REFERENCES public.auth_permission(id) DEFERRABLE INITIALLY DEFERRED;


--
-- Name: auth_user_user_permissions auth_user_user_permissions_user_id_a95ead1b_fk_auth_user_id; Type: FK CONSTRAINT; Schema: public; Owner: zsz13
--

ALTER TABLE ONLY public.auth_user_user_permissions
    ADD CONSTRAINT auth_user_user_permissions_user_id_a95ead1b_fk_auth_user_id FOREIGN KEY (user_id) REFERENCES public.auth_user(id) DEFERRABLE INITIALLY DEFERRED;


--
-- Name: authtoken_token authtoken_token_user_id_35299eff_fk_auth_user_id; Type: FK CONSTRAINT; Schema: public; Owner: zsz13
--

ALTER TABLE ONLY public.authtoken_token
    ADD CONSTRAINT authtoken_token_user_id_35299eff_fk_auth_user_id FOREIGN KEY (user_id) REFERENCES public.auth_user(id) DEFERRABLE INITIALLY DEFERRED;


--
-- Name: django_admin_log django_admin_log_content_type_id_c4bce8eb_fk_django_co; Type: FK CONSTRAINT; Schema: public; Owner: zsz13
--

ALTER TABLE ONLY public.django_admin_log
    ADD CONSTRAINT django_admin_log_content_type_id_c4bce8eb_fk_django_co FOREIGN KEY (content_type_id) REFERENCES public.django_content_type(id) DEFERRABLE INITIALLY DEFERRED;


--
-- Name: django_admin_log django_admin_log_user_id_c564eba6_fk_auth_user_id; Type: FK CONSTRAINT; Schema: public; Owner: zsz13
--

ALTER TABLE ONLY public.django_admin_log
    ADD CONSTRAINT django_admin_log_user_id_c564eba6_fk_auth_user_id FOREIGN KEY (user_id) REFERENCES public.auth_user(id) DEFERRABLE INITIALLY DEFERRED;


--
-- Name: inventory_inventoryitem inventory_inventoryi_category_id_06acb4f3_fk_inventory; Type: FK CONSTRAINT; Schema: public; Owner: zsz13
--

ALTER TABLE ONLY public.inventory_inventoryitem
    ADD CONSTRAINT inventory_inventoryi_category_id_06acb4f3_fk_inventory FOREIGN KEY (category_id) REFERENCES public.inventory_category(id) DEFERRABLE INITIALLY DEFERRED;


--
-- Name: inventory_inventoryitem inventory_inventoryitem_user_id_958ba773_fk_auth_user_id; Type: FK CONSTRAINT; Schema: public; Owner: zsz13
--

ALTER TABLE ONLY public.inventory_inventoryitem
    ADD CONSTRAINT inventory_inventoryitem_user_id_958ba773_fk_auth_user_id FOREIGN KEY (user_id) REFERENCES public.auth_user(id) DEFERRABLE INITIALLY DEFERRED;


--
-- PostgreSQL database dump complete
--

